{
  "trade_volume_btc": 6386.81252467,
  "electricity_consumption": 224816834.66083276,
  "miners_revenue_usd": 3726135.11418,
  "n_btc_mined": 405000000000,
  "trade_volume_usd": 5858721.421924545,
  "difficulty": 1789546951.0532405,
  "minutes_between_blocks": 8.88888888888889,
  "days_destroyed": 0.0,
  "n_tx": 55968,
  "hash_rate": 14411335.555181587,
  "timestamp": 1389707679857,
  "n_blocks_mined": 162,
  "blocks_size": 28515204,
  "total_fees_btc": 1261114503,
  "miners_operating_margin": -805.0,
  "total_btc_sent": 68196432057752,
  "estimated_btc_sent": 9788684404889,
  "totalbc": 1221962500000000,
  "electricity_cost_usd": 33722525.19912491,
  "n_blocks_total": 280458,
  "nextretarget": 282239,
  "estimated_transaction_volume_usd": 89793108.52457671,
  "miners_revenue_btc": 4062,
  "market_price_usd": 917.31539
}